<?xml version="1.0" encoding="UTF-8"?>
<beans
	xmlns="http://www.springframework.org/schema/beans"
	xmlns:xsi="http://www.w3.org/2001/XMLSchema-instance"
	xmlns:p="http://www.springframework.org/schema/p"
	xmlns:context="http://www.springframework.org/schema/context"
	xmlns:aop="http://www.springframework.org/schema/aop"
	xmlns:tx="http://www.springframework.org/schema/tx"
	xsi:schemaLocation="http://www.springframework.org/schema/beans 
	http://www.springframework.org/schema/beans/spring-beans-3.1.xsd
	http://www.springframework.org/schema/context
    http://www.springframework.org/schema/context/spring-context-3.1.xsd
    http://www.springframework.org/schema/aop 
    http://www.springframework.org/schema/aop/spring-aop-3.1.xsd
	http://www.springframework.org/schema/tx
    http://www.springframework.org/schema/tx/spring-tx-3.1.xsd
	">
	

	<!-- 加载配置文件 -->
	<context:property-placeholder location="classpath:properties/*.properties"/>
	<!-- 数据库连接池 -->
	<bean id="dataSource" class="com.alibaba.druid.pool.DruidDataSource" destroy-method="close">
		<property name="url" value="${jdbc.url}"></property>
		<property name="username" value="${jdbc.userName}"></property>
		<property name="password" value="${jdbc.passWord}"></property>
		<!-- 初始化大小 -->
		<property name="initialSize" value="${jdbc.initialSize}"></property>
		<!-- 最大数量 -->
		<property name="maxActive" value="${jdbc.maxActive}"></property>
		<!-- 最小空闲 -->
		<property name="minIdle" value="${jdbc.minIdle}"></property>
	</bean>
	
	<!-- Spring和MyBatis完美整合，不需要MyBatis配置映射文件 -->
	<bean id="sqlSessionFactory" class="org.mybatis.spring.SqlSessionFactoryBean">
		<property name="dataSource" ref="dataSource"></property>
		<!-- 自动扫描mapping.xml文件 -->
		<property name="mapperLocations" value="classpath:mappings/*.xml"></property>
		<!-- 分页插件 -->
		<property name="configLocation" value="classpath:spring/mybatis-config.xml"></property>
	</bean>
	<!-- Dao接口所在包名，Spring自动扫描 -->
	<bean class="org.mybatis.spring.mapper.MapperScannerConfigurer">
		<property name="basePackage" value="com.sk.dao"></property>
		<property name="sqlSessionFactoryBeanName" value="sqlSessionFactory"></property>
	</bean>
	<!-- 事务管理 -->
	<bean id="txManager"
		class="org.springframework.jdbc.datasource.DataSourceTransactionManager">
		<property name="dataSource" ref="dataSource"/>
	</bean>
	<!-- 注解式事务的配置文件 -->
	<tx:annotation-driven transaction-manager="txManager"/> 
	
</beans>