<?xml version="1.0" encoding="UTF-8" ?>
<!DOCTYPE configuration
PUBLIC "-//mybatis.org//DTD Config 3.0//EN"
"http://mybatis.org/dtd/mybatis-3-config.dtd">

<configuration>
	
	<!-- 打印sql语句 -->
	<settings>
        <setting name="logImpl" value="STDOUT_LOGGING" />
	</settings>
	
	<plugins>
		<!-- 配置数据库分页插件 -->
		<plugin interceptor="com.github.pagehelper.PageHelper">
			<!-- 数据库类型 Oracle,Mysql,MariaDB,SQLite,HsqlDB,PostgreSQl -->
			<property name="dialect" value="mysql"/>
		</plugin>
		
		<!-- MyBatis乐观锁插件配置 -->
		<!-- <plugin interceptor="com.chrhc.mybatis.locker.interceptor.OptimisticLocker">
			列名跟数据库名都为version时可以不配置
			<property name="versionColumn" value="version"/>数据库的列名
        	<property name="versionField" value="version"/> java字段名
		</plugin> -->
	</plugins>
	
		
</configuration>