<?xml version ="1.0" encoding="UTF-8"?>
<beans
	xmlns="http://www.springframework.org/schema/beans"
	xmlns:xsi="http://www.w3.org/2001/XMLSchema-instance"
	xmlns:p="http://www.springframework.org/schema/p"
	xmlns:context="http://www.springframework.org/schema/context"
	xmlns:mvc="http://www.springframework.org/schema/mvc"
	xsi:schemaLocation="http://www.springframework.org/schema/beans 
	http://www.springframework.org/schema/beans/spring-beans-3.1.xsd
	http://www.springframework.org/schema/context
    http://www.springframework.org/schema/context/spring-context-3.1.xsd
	http://www.springframework.org/schema/mvc
	http://www.springframework.org/schema/mvc/spring-mvc-3.1.xsd
	">
	<!-- SpringMVC 扫包范围 -->
	<context:component-scan base-package="com.sk.controller"/>
	<!-- 开启SpringMVC注解 -->
	<mvc:annotation-driven/>
	<!-- 处理静态资源访问 -->
	<mvc:resources location="/static/" mapping="/static/**"/>
<!--<mvc:resources location="/static/img/" mapping="/static/img/**"/>
	<mvc:resources location="/static/easyui/" mapping="/static/easyui/**"/>
	<mvc:resources location="/static/js/" mapping="/static/js/**"/>
	<mvc:resources location="/static/css/" mapping="/static/css/**"/> -->
	<!-- 视图跳转类型 -->
	<bean class="org.springframework.web.servlet.view.InternalResourceViewResolver">
		<property name="prefix" value="/WEB-INF/views/"/>
		<property name="suffix" value=".jsp"/>
	</bean>
	
	<!-- 支持上传文件 -->
	<bean id="multipartResolver" 
		class="org.springframework.web.multipart.commons.CommonsMultipartResolver"/>
		
	<!--登录拦截器 -->
	<mvc:interceptors>
		<mvc:interceptor>
			<mvc:mapping path="/admin/*" />
			<bean class="com.sk.interceptor.AdminInterceptor" id="adminInterceptor"/>
		</mvc:interceptor>
		<mvc:interceptor>
			<mvc:mapping path="/student/*" />
			<bean class="com.sk.interceptor.StuInterceptor" id="stuInterceptor"/>
		</mvc:interceptor>
		<mvc:interceptor>
			<mvc:mapping path="/teacher/*" />
			<bean class="com.sk.interceptor.TeacherInterceptor" id="teacherInterceptor"/>
		</mvc:interceptor>
	</mvc:interceptors>	
	
</beans>