<?xml version="1.0" encoding="UTF-8" ?>
<!DOCTYPE mapper PUBLIC "-//mybatis.org//DTD Mapper 3.0//EN" "http://mybatis.org/dtd/mybatis-3-mapper.dtd" >
<mapper namespace="com.sk.dao.DictMapper" >
  <resultMap id="BaseResultMap" type="com.sk.entity.Dict" >
    <id column="id" property="id" jdbcType="INTEGER" />
    <result column="value" property="value" jdbcType="VARCHAR" />
    <result column="content" property="content" jdbcType="VARCHAR" />
    <result column="code" property="code" jdbcType="VARCHAR" />
    <result column="type" property="type" jdbcType="VARCHAR" />
    <result column="version" property="version" jdbcType="INTEGER" />
  </resultMap>
  <sql id="Base_Column_List" >
    id, value, content, code, type, version
  </sql>
  <select id="selectByPrimaryKey" resultMap="BaseResultMap" parameterType="java.lang.Integer" >
    select 
    <include refid="Base_Column_List" />
    from dict
    where id = #{id,jdbcType=INTEGER}
  </select>
  <delete id="deleteByPrimaryKey" parameterType="java.lang.Integer" >
    delete from dict
    where id = #{id,jdbcType=INTEGER}
  </delete>
  <insert id="insert" parameterType="com.sk.entity.Dict" >
    insert into dict (id, value, content, 
      code, type, version
      )
    values (#{id,jdbcType=INTEGER}, #{value,jdbcType=VARCHAR}, #{content,jdbcType=VARCHAR}, 
      #{code,jdbcType=VARCHAR}, #{type,jdbcType=VARCHAR}, #{version,jdbcType=INTEGER}
      )
  </insert>
  <insert id="insertSelective" parameterType="com.sk.entity.Dict" >
    insert into dict
    <trim prefix="(" suffix=")" suffixOverrides="," >
      <if test="id != null" >
        id,
      </if>
      <if test="value != null" >
        value,
      </if>
      <if test="content != null" >
        content,
      </if>
      <if test="code != null" >
        code,
      </if>
      <if test="type != null" >
        type,
      </if>
      <if test="version != null" >
        version,
      </if>
    </trim>
    <trim prefix="values (" suffix=")" suffixOverrides="," >
      <if test="id != null" >
        #{id,jdbcType=INTEGER},
      </if>
      <if test="value != null" >
        #{value,jdbcType=VARCHAR},
      </if>
      <if test="content != null" >
        #{content,jdbcType=VARCHAR},
      </if>
      <if test="code != null" >
        #{code,jdbcType=VARCHAR},
      </if>
      <if test="type != null" >
        #{type,jdbcType=VARCHAR},
      </if>
      <if test="version != null" >
        #{version,jdbcType=INTEGER},
      </if>
    </trim>
  </insert>
  <update id="updateByPrimaryKeySelective" parameterType="com.sk.entity.Dict" >
    update dict
    <set >
      <if test="value != null" >
        value = #{value,jdbcType=VARCHAR},
      </if>
      <if test="content != null" >
        content = #{content,jdbcType=VARCHAR},
      </if>
      <if test="code != null" >
        code = #{code,jdbcType=VARCHAR},
      </if>
      <if test="type != null" >
        type = #{type,jdbcType=VARCHAR},
      </if>
      <if test="version != null" >
        version = #{version,jdbcType=INTEGER},
      </if>
    </set>
    where id = #{id,jdbcType=INTEGER}
  </update>
  <update id="updateByPrimaryKey" parameterType="com.sk.entity.Dict" >
    update dict
    set value = #{value,jdbcType=VARCHAR},
      content = #{content,jdbcType=VARCHAR},
      code = #{code,jdbcType=VARCHAR},
      type = #{type,jdbcType=VARCHAR},
      version = #{version,jdbcType=INTEGER}
    where id = #{id,jdbcType=INTEGER}
  </update>
  
  <select id="selectDictByCodeAndType" resultType="com.sk.entity.Dict">
  	select 
  	<include refid="Base_Column_List" />
  	from dict 
  	where type = #{dictType} and code = #{dictCode}
  </select>
  
  <select id="selectDictsByType" resultType="com.sk.entity.Dict">
  	select 
  	<include refid="Base_Column_List" />
  	from dict 
  	where type = #{type}
  </select>
</mapper>