<?xml version="1.0" encoding="UTF-8" ?>
<!DOCTYPE mapper PUBLIC "-//mybatis.org//DTD Mapper 3.0//EN" "http://mybatis.org/dtd/mybatis-3-mapper.dtd" >
<mapper namespace="com.sk.dao.ExamMapper" >
  <resultMap id="BaseResultMap" type="com.sk.entity.Exam" >
    <id column="id" property="id" jdbcType="INTEGER" />
    <result column="subjectId" property="subjectid" jdbcType="INTEGER" />
    <result column="examTime" property="examtime" jdbcType="INTEGER" />
    <result column="examStatusId" property="examstatusid" jdbcType="INTEGER" />
    <result column="content" property="content" jdbcType="VARCHAR" />
    <result column="version" property="version" jdbcType="INTEGER" />
  </resultMap>
  <sql id="Base_Column_List" >
    id, subjectId, examTime, examStatusId, content, version
  </sql>
  <select id="selectByStatus" resultMap="BaseResultMap">
  	select 
    <include refid="Base_Column_List" />
    from exam
    where examStatusId = #{statusId}
  </select>
  <select id="selectByPrimaryKey" resultMap="BaseResultMap" parameterType="java.lang.Integer" >
    select 
    <include refid="Base_Column_List" />
    from exam
    where id = #{id,jdbcType=INTEGER}
  </select>
  <select id="selectByName" resultMap="BaseResultMap">
  	select 
    <include refid="Base_Column_List" />
    from exam
    where content = #{name}
  </select>
  <select id="selectAllExam" resultMap="BaseResultMap">
  	select 
    <include refid="Base_Column_List" />
    from exam
  </select>
  <delete id="deleteByPrimaryKey" parameterType="java.lang.Integer" >
    delete from exam
    where id = #{id,jdbcType=INTEGER}
  </delete>
  <insert id="insert" parameterType="com.sk.entity.Exam" >
    insert into exam (id, subjectId, examTime, 
      examStatusId, content, version
      )
    values (#{id,jdbcType=INTEGER}, #{subjectid,jdbcType=INTEGER}, #{examtime,jdbcType=INTEGER}, 
      #{examstatusid,jdbcType=INTEGER}, #{content,jdbcType=VARCHAR}, #{version,jdbcType=INTEGER}
      )
  </insert>
  <insert id="insertSelective" parameterType="com.sk.entity.Exam" >
    insert into exam
    <trim prefix="(" suffix=")" suffixOverrides="," >
      <if test="id != null" >
        id,
      </if>
      <if test="subjectid != null" >
        subjectId,
      </if>
      <if test="examtime != null" >
        examTime,
      </if>
      <if test="examstatusid != null" >
        examStatusId,
      </if>
      <if test="content != null" >
        content,
      </if>
      <if test="version != null" >
        version,
      </if>
    </trim>
    <trim prefix="values (" suffix=")" suffixOverrides="," >
      <if test="id != null" >
        #{id,jdbcType=INTEGER},
      </if>
      <if test="subjectid != null" >
        #{subjectid,jdbcType=INTEGER},
      </if>
      <if test="examtime != null" >
        #{examtime,jdbcType=INTEGER},
      </if>
      <if test="examstatusid != null" >
        #{examstatusid,jdbcType=INTEGER},
      </if>
      <if test="content != null" >
        #{content,jdbcType=VARCHAR},
      </if>
      <if test="version != null" >
        #{version,jdbcType=INTEGER},
      </if>
    </trim>
  </insert>
  <update id="updateByPrimaryKeySelective" parameterType="com.sk.entity.Exam" >
    update exam
    <set >
      <if test="subjectid != null" >
        subjectId = #{subjectid,jdbcType=INTEGER},
      </if>
      <if test="examtime != null" >
        examTime = #{examtime,jdbcType=INTEGER},
      </if>
      <if test="examstatusid != null" >
        examStatusId = #{examstatusid,jdbcType=INTEGER},
      </if>
      <if test="content != null" >
        content = #{content,jdbcType=VARCHAR},
      </if>
      <if test="version != null" >
        version = #{version,jdbcType=INTEGER},
      </if>
    </set>
    where id = #{id,jdbcType=INTEGER}
  </update>
  <update id="updateByPrimaryKey" parameterType="com.sk.entity.Exam" >
    update exam
    set subjectId = #{subjectid,jdbcType=INTEGER},
      examTime = #{examtime,jdbcType=INTEGER},
      examStatusId = #{examstatusid,jdbcType=INTEGER},
      content = #{content,jdbcType=VARCHAR},
      version = #{version,jdbcType=INTEGER}
    where id = #{id,jdbcType=INTEGER}
  </update>
  <update id="updateExamStatus" parameterType="com.sk.entity.Exam">
  	update exam
    set 
      examStatusId = #{examstatusid,jdbcType=INTEGER},
      version = #{version,jdbcType=INTEGER}+1
    where id = #{id,jdbcType=INTEGER} and version = #{version}
  </update>
</mapper>