<?xml version="1.0" encoding="UTF-8" ?>
<!DOCTYPE mapper PUBLIC "-//mybatis.org//DTD Mapper 3.0//EN" "http://mybatis.org/dtd/mybatis-3-mapper.dtd" >
<mapper namespace="com.sk.dao.ExamQuestionMapper" >
  <resultMap id="BaseResultMap" type="com.sk.entity.ExamQuestion" >
    <id column="id" property="id" jdbcType="INTEGER" />
    <result column="examId" property="examid" jdbcType="INTEGER" />
    <result column="questId" property="questid" jdbcType="INTEGER" />
    <result column="version" property="version" jdbcType="INTEGER" />
  </resultMap>
  <sql id="Base_Column_List" >
    id, examId, questId, version
  </sql>
  <select id="selectByPrimaryKey" resultMap="BaseResultMap" parameterType="java.lang.Integer" >
    select 
    <include refid="Base_Column_List" />
    from exam_question
    where id = #{id,jdbcType=INTEGER}
  </select>
  <select id="getExamQuesByExamId" resultMap="BaseResultMap">
  	select 
    <include refid="Base_Column_List" />
    from exam_question
    where examId = #{eId}
  </select>
  <delete id="deleteByPrimaryKey" parameterType="java.lang.Integer" >
    delete from exam_question
    where id = #{id,jdbcType=INTEGER}
  </delete>
  <delete id="deleteByExamId">
  	 delete from exam_question
   	 where examId = #{eId}
  </delete>
  <insert id="insert" parameterType="com.sk.entity.ExamQuestion" >
    insert into exam_question (id, examId, questId, 
      version)
    values (#{id,jdbcType=INTEGER}, #{examid,jdbcType=INTEGER}, #{questid,jdbcType=INTEGER}, 
      #{version,jdbcType=INTEGER})
  </insert>
  <insert id="insertSelective" parameterType="com.sk.entity.ExamQuestion" >
    insert into exam_question
    <trim prefix="(" suffix=")" suffixOverrides="," >
      <if test="id != null" >
        id,
      </if>
      <if test="examid != null" >
        examId,
      </if>
      <if test="questid != null" >
        questId,
      </if>
      <if test="version != null" >
        version,
      </if>
    </trim>
    <trim prefix="values (" suffix=")" suffixOverrides="," >
      <if test="id != null" >
        #{id,jdbcType=INTEGER},
      </if>
      <if test="examid != null" >
        #{examid,jdbcType=INTEGER},
      </if>
      <if test="questid != null" >
        #{questid,jdbcType=INTEGER},
      </if>
      <if test="version != null" >
        #{version,jdbcType=INTEGER},
      </if>
    </trim>
  </insert>
  <update id="updateByPrimaryKeySelective" parameterType="com.sk.entity.ExamQuestion" >
    update exam_question
    <set >
      <if test="examid != null" >
        examId = #{examid,jdbcType=INTEGER},
      </if>
      <if test="questid != null" >
        questId = #{questid,jdbcType=INTEGER},
      </if>
      <if test="version != null" >
        version = #{version,jdbcType=INTEGER},
      </if>
    </set>
    where id = #{id,jdbcType=INTEGER}
  </update>
  <update id="updateByPrimaryKey" parameterType="com.sk.entity.ExamQuestion" >
    update exam_question
    set examId = #{examid,jdbcType=INTEGER},
      questId = #{questid,jdbcType=INTEGER},
      version = #{version,jdbcType=INTEGER}
    where id = #{id,jdbcType=INTEGER}
  </update>
</mapper>