<?xml version="1.0" encoding="UTF-8" ?>
<!DOCTYPE mapper PUBLIC "-//mybatis.org//DTD Mapper 3.0//EN" "http://mybatis.org/dtd/mybatis-3-mapper.dtd" >
<mapper namespace="com.sk.dao.LoginmsgMapper" >
  <resultMap id="BaseResultMap" type="com.sk.entity.Loginmsg" >
    <id column="id" property="id" jdbcType="INTEGER" />
    <result column="userName" property="username" jdbcType="VARCHAR" />
    <result column="userIp" property="userip" jdbcType="VARCHAR" />
    <result column="loginTime" property="logintime" jdbcType="TIMESTAMP" />
    <result column="loginStatusId" property="loginstatusid" jdbcType="INTEGER" />
    <result column="version" property="version" jdbcType="INTEGER" />
  </resultMap>
  <sql id="Base_Column_List" >
    id, userName, userIp, loginTime, loginStatusId, version
  </sql>
  <select id="selectByPrimaryKey" resultMap="BaseResultMap" parameterType="java.lang.Integer" >
    select 
    <include refid="Base_Column_List" />
    from loginmsg
    where id = #{id,jdbcType=INTEGER}
  </select>
  <delete id="deleteByPrimaryKey" parameterType="java.lang.Integer" >
    delete from loginmsg
    where id = #{id,jdbcType=INTEGER}
  </delete>
  <insert id="insert" parameterType="com.sk.entity.Loginmsg" >
    insert into loginmsg (id, userName, userIp, 
      loginTime, loginStatusId, version
      )
    values (#{id,jdbcType=INTEGER}, #{username,jdbcType=VARCHAR}, #{userip,jdbcType=VARCHAR}, 
      #{logintime,jdbcType=TIMESTAMP}, #{loginstatusid,jdbcType=INTEGER}, #{version,jdbcType=INTEGER}
      )
  </insert>
  <insert id="insertSelective" parameterType="com.sk.entity.Loginmsg" >
    insert into loginmsg
    <trim prefix="(" suffix=")" suffixOverrides="," >
      <if test="id != null" >
        id,
      </if>
      <if test="username != null" >
        userName,
      </if>
      <if test="userip != null" >
        userIp,
      </if>
      <if test="logintime != null" >
        loginTime,
      </if>
      <if test="loginstatusid != null" >
        loginStatusId,
      </if>
      <if test="version != null" >
        version,
      </if>
    </trim>
    <trim prefix="values (" suffix=")" suffixOverrides="," >
      <if test="id != null" >
        #{id,jdbcType=INTEGER},
      </if>
      <if test="username != null" >
        #{username,jdbcType=VARCHAR},
      </if>
      <if test="userip != null" >
        #{userip,jdbcType=VARCHAR},
      </if>
      <if test="logintime != null" >
        #{logintime,jdbcType=TIMESTAMP},
      </if>
      <if test="loginstatusid != null" >
        #{loginstatusid,jdbcType=INTEGER},
      </if>
      <if test="version != null" >
        #{version,jdbcType=INTEGER},
      </if>
    </trim>
  </insert>
  <update id="updateByPrimaryKeySelective" parameterType="com.sk.entity.Loginmsg" >
    update loginmsg
    <set >
      <if test="username != null" >
        userName = #{username,jdbcType=VARCHAR},
      </if>
      <if test="userip != null" >
        userIp = #{userip,jdbcType=VARCHAR},
      </if>
      <if test="logintime != null" >
        loginTime = #{logintime,jdbcType=TIMESTAMP},
      </if>
      <if test="loginstatusid != null" >
        loginStatusId = #{loginstatusid,jdbcType=INTEGER},
      </if>
      <if test="version != null" >
        version = #{version,jdbcType=INTEGER},
      </if>
    </set>
    where id = #{id,jdbcType=INTEGER}
  </update>
  <update id="updateByPrimaryKey" parameterType="com.sk.entity.Loginmsg" >
    update loginmsg
    set userName = #{username,jdbcType=VARCHAR},
      userIp = #{userip,jdbcType=VARCHAR},
      loginTime = #{logintime,jdbcType=TIMESTAMP},
      loginStatusId = #{loginstatusid,jdbcType=INTEGER},
      version = #{version,jdbcType=INTEGER}
    where id = #{id,jdbcType=INTEGER}
  </update>
</mapper>