<?xml version="1.0" encoding="UTF-8" ?>
<!DOCTYPE mapper PUBLIC "-//mybatis.org//DTD Mapper 3.0//EN" "http://mybatis.org/dtd/mybatis-3-mapper.dtd" >
<mapper namespace="com.sk.dao.QuestionsMapper" >
  <resultMap id="BaseResultMap" type="com.sk.entity.Questions" >
    <id column="id" property="id" jdbcType="INTEGER" />
    <result column="content" property="content" jdbcType="VARCHAR" />
    <result column="qtypeId" property="qtypeid" jdbcType="INTEGER" />
    <result column="subjectId" property="subjectid" jdbcType="INTEGER" />
    <result column="result" property="result" jdbcType="INTEGER" />
    <result column="version" property="version" jdbcType="INTEGER" />
  </resultMap>
  <sql id="Base_Column_List" >
    id, content, qtypeId, subjectId, result, version
  </sql>
  <select id="selectByPrimaryKey" resultMap="BaseResultMap" parameterType="java.lang.Integer" >
    select 
    <include refid="Base_Column_List" />
    from questions
    where id = #{id,jdbcType=INTEGER}
  </select>
  <select id="selectBySid" resultMap="BaseResultMap">
  	select 
    <include refid="Base_Column_List" />
    from questions
    where subjectId = #{sid}
  </select>  
  <select id="selectByContent" resultMap="BaseResultMap">
  	select 
    <include refid="Base_Column_List" />
    from questions
    where content = #{content}
  </select>
  <select id="selectByContentAndId" resultMap="BaseResultMap">
  	select 
    <include refid="Base_Column_List" />
    from questions
    where content = #{content} and id != #{id}
  </select>
  <select id="selectAllQuestion" resultMap="BaseResultMap">
  	select 
    <include refid="Base_Column_List" />
    from questions
  </select>
  <delete id="deleteByPrimaryKey" parameterType="java.lang.Integer" >
    delete from questions
    where id = #{id,jdbcType=INTEGER}
  </delete>
  <insert id="insert" parameterType="com.sk.entity.Questions" useGeneratedKeys="true" keyProperty="id" keyColumn="id">
    insert into questions (id, content, qtypeId, 
      subjectId, result, version
      )
    values (#{id,jdbcType=INTEGER}, #{content,jdbcType=VARCHAR}, #{qtypeid,jdbcType=INTEGER}, 
      #{subjectid,jdbcType=INTEGER}, #{result,jdbcType=INTEGER}, #{version,jdbcType=INTEGER}
      )
  </insert>
  <insert id="insertSelective" parameterType="com.sk.entity.Questions" >
    insert into questions
    <trim prefix="(" suffix=")" suffixOverrides="," >
      <if test="id != null" >
        id,
      </if>
      <if test="content != null" >
        content,
      </if>
      <if test="qtypeid != null" >
        qtypeId,
      </if>
      <if test="subjectid != null" >
        subjectId,
      </if>
      <if test="result != null" >
        result,
      </if>
      <if test="version != null" >
        version,
      </if>
    </trim>
    <trim prefix="values (" suffix=")" suffixOverrides="," >
      <if test="id != null" >
        #{id,jdbcType=INTEGER},
      </if>
      <if test="content != null" >
        #{content,jdbcType=VARCHAR},
      </if>
      <if test="qtypeid != null" >
        #{qtypeid,jdbcType=INTEGER},
      </if>
      <if test="subjectid != null" >
        #{subjectid,jdbcType=INTEGER},
      </if>
      <if test="result != null" >
        #{result,jdbcType=INTEGER},
      </if>
      <if test="version != null" >
        #{version,jdbcType=INTEGER},
      </if>
    </trim>
  </insert>
  <update id="updateByPrimaryKeySelective" parameterType="com.sk.entity.Questions" >
    update questions
    <set >
      <if test="content != null" >
        content = #{content,jdbcType=VARCHAR},
      </if>
      <if test="qtypeid != null" >
        qtypeId = #{qtypeid,jdbcType=INTEGER},
      </if>
      <if test="subjectid != null" >
        subjectId = #{subjectid,jdbcType=INTEGER},
      </if>
      <if test="result != null" >
        result = #{result,jdbcType=INTEGER},
      </if>
      <if test="version != null" >
        version = #{version,jdbcType=INTEGER},
      </if>
    </set>
    where id = #{id,jdbcType=INTEGER}
  </update>
  <update id="updateByPrimaryKey" parameterType="com.sk.entity.Questions" >
    update questions
    set content = #{content,jdbcType=VARCHAR},
      qtypeId = #{qtypeid,jdbcType=INTEGER},
      subjectId = #{subjectid,jdbcType=INTEGER},
      result = #{result,jdbcType=INTEGER},
      version = #{version,jdbcType=INTEGER}+1
    where id = #{id,jdbcType=INTEGER} and version = #{version,jdbcType=INTEGER}
  </update>
</mapper>