<?xml version="1.0" encoding="UTF-8" ?>
<!DOCTYPE mapper PUBLIC "-//mybatis.org//DTD Mapper 3.0//EN" "http://mybatis.org/dtd/mybatis-3-mapper.dtd" >
<mapper namespace="com.sk.dao.SelectedMapper" >
  <resultMap id="BaseResultMap" type="com.sk.entity.Selected" >
    <id column="id" property="id" jdbcType="INTEGER" />
    <result column="qid" property="qid" jdbcType="INTEGER" />
    <result column="sid" property="sid" jdbcType="INTEGER" />
    <result column="content" property="content" jdbcType="VARCHAR" />
    <result column="version" property="version" jdbcType="INTEGER" />
  </resultMap>
  <sql id="Base_Column_List" >
    id, qid, sid, content, version
  </sql>
  <select id="selectByPrimaryKey" resultMap="BaseResultMap" parameterType="java.lang.Integer" >
    select 
    <include refid="Base_Column_List" />
    from selected
    where id = #{id,jdbcType=INTEGER}
  </select>
  <select id="getSelectedByQid" resultMap="BaseResultMap">
  	select 
    <include refid="Base_Column_List" />
    from selected
    where qid = #{id,jdbcType=INTEGER}
  </select>
  <delete id="deleteByPrimaryKey" parameterType="java.lang.Integer" >
    delete from selected
    where id = #{id,jdbcType=INTEGER}
  </delete>
  <delete id="deleteByQid">
  	delete from selected
    where qid = #{qid,jdbcType=INTEGER}
  </delete>
  <insert id="insert" parameterType="com.sk.entity.Selected" >
    insert into selected (id, qid, sid, 
      content, version)
    values (#{id,jdbcType=INTEGER}, #{qid,jdbcType=INTEGER}, #{sid,jdbcType=INTEGER}, 
      #{content,jdbcType=VARCHAR}, #{version,jdbcType=INTEGER})
  </insert>
  <insert id="insertSelective" parameterType="com.sk.entity.Selected" >
    insert into selected
    <trim prefix="(" suffix=")" suffixOverrides="," >
      <if test="id != null" >
        id,
      </if>
      <if test="qid != null" >
        qid,
      </if>
      <if test="sid != null" >
        sid,
      </if>
      <if test="content != null" >
        content,
      </if>
      <if test="version != null" >
        version,
      </if>
    </trim>
    <trim prefix="values (" suffix=")" suffixOverrides="," >
      <if test="id != null" >
        #{id,jdbcType=INTEGER},
      </if>
      <if test="qid != null" >
        #{qid,jdbcType=INTEGER},
      </if>
      <if test="sid != null" >
        #{sid,jdbcType=INTEGER},
      </if>
      <if test="content != null" >
        #{content,jdbcType=VARCHAR},
      </if>
      <if test="version != null" >
        #{version,jdbcType=INTEGER},
      </if>
    </trim>
  </insert>
  <update id="updateByPrimaryKeySelective" parameterType="com.sk.entity.Selected" >
    update selected
    <set >
      <if test="qid != null" >
        qid = #{qid,jdbcType=INTEGER},
      </if>
      <if test="sid != null" >
        sid = #{sid,jdbcType=INTEGER},
      </if>
      <if test="content != null" >
        content = #{content,jdbcType=VARCHAR},
      </if>
      <if test="version != null" >
        version = #{version,jdbcType=INTEGER},
      </if>
    </set>
    where id = #{id,jdbcType=INTEGER}
  </update>
  <update id="updateByPrimaryKey" parameterType="com.sk.entity.Selected" >
    update selected
    set qid = #{qid,jdbcType=INTEGER},
      sid = #{sid,jdbcType=INTEGER},
      content = #{content,jdbcType=VARCHAR},
      version = #{version,jdbcType=INTEGER}+1
    where id = #{id,jdbcType=INTEGER} and version = #{version,jdbcType=INTEGER}
  </update>
</mapper>