<?xml version="1.0" encoding="UTF-8" ?>
<!DOCTYPE mapper PUBLIC "-//mybatis.org//DTD Mapper 3.0//EN" "http://mybatis.org/dtd/mybatis-3-mapper.dtd" >
<mapper namespace="com.sk.dao.StudentMapper" >
  <resultMap id="BaseResultMap" type="com.sk.entity.Student" >
    <id column="studentno" property="studentno" jdbcType="VARCHAR" />
    <result column="studentname" property="studentname" jdbcType="VARCHAR" />
    <result column="version" property="version" jdbcType="INTEGER" />
  </resultMap>
  <sql id="Base_Column_List" >
    studentno, studentname, version
  </sql>
  <select id="selectByPrimaryKey" resultMap="BaseResultMap" parameterType="java.lang.String" >
    select 
    <include refid="Base_Column_List" />
    from student
    where studentno = #{studentno,jdbcType=VARCHAR}
  </select>
  <select id="selectAll"  resultMap="BaseResultMap">
  	select 
    <include refid="Base_Column_List" />
    from student
  </select>
  <delete id="deleteByPrimaryKey" parameterType="java.lang.String" >
    delete from student
    where studentno = #{studentno,jdbcType=VARCHAR}
  </delete>
  <insert id="insert" parameterType="com.sk.entity.Student" >
    insert into student (studentno, studentname, version
      )
    values (#{studentno,jdbcType=VARCHAR}, #{studentname,jdbcType=VARCHAR}, #{version,jdbcType=INTEGER}
      )
  </insert>
  <insert id="insertSelective" parameterType="com.sk.entity.Student" >
    insert into student
    <trim prefix="(" suffix=")" suffixOverrides="," >
      <if test="studentno != null" >
        studentno,
      </if>
      <if test="studentname != null" >
        studentname,
      </if>
      <if test="version != null" >
        version,
      </if>
    </trim>
    <trim prefix="values (" suffix=")" suffixOverrides="," >
      <if test="studentno != null" >
        #{studentno,jdbcType=VARCHAR},
      </if>
      <if test="studentname != null" >
        #{studentname,jdbcType=VARCHAR},
      </if>
      <if test="version != null" >
        #{version,jdbcType=INTEGER},
      </if>
    </trim>
  </insert>
  <update id="updateByPrimaryKeySelective" parameterType="com.sk.entity.Student" >
    update student
    <set >
      <if test="studentname != null" >
        studentname = #{studentname,jdbcType=VARCHAR},
      </if>
      <if test="version != null" >
        version = #{version,jdbcType=INTEGER},
      </if>
    </set>
    where studentno = #{studentno,jdbcType=VARCHAR}
  </update>
  <update id="updateByPrimaryKey" parameterType="com.sk.entity.Student" >
    update student
    set studentname = #{studentname,jdbcType=VARCHAR},
      version = #{version,jdbcType=INTEGER}
    where studentno = #{studentno,jdbcType=VARCHAR}
  </update>
</mapper>