<?xml version="1.0" encoding="UTF-8" ?>
<!DOCTYPE mapper PUBLIC "-//mybatis.org//DTD Mapper 3.0//EN" "http://mybatis.org/dtd/mybatis-3-mapper.dtd" >
<mapper namespace="com.sk.dao.StuExamQuesResultMapper" >
  <resultMap id="BaseResultMap" type="com.sk.entity.StuExamQuesResult" >
    <id column="id" property="id" jdbcType="INTEGER" />
    <result column="stu_examId" property="stuExamid" jdbcType="INTEGER" />
    <result column="exam_quesId" property="examQuesid" jdbcType="INTEGER" />
    <result column="resultId" property="resultid" jdbcType="INTEGER" />
    <result column="version" property="version" jdbcType="INTEGER" />
  </resultMap>
  <sql id="Base_Column_List" >
    id, stu_examId, exam_quesId, resultId, version
  </sql>
  <select id="selectByPrimaryKey" resultMap="BaseResultMap" parameterType="java.lang.Integer" >
    select 
    <include refid="Base_Column_List" />
    from stu_exam_ques_result
    where id = #{id,jdbcType=INTEGER}
  </select>
  <select id="selectByStuExamId" resultMap="BaseResultMap">
  	select 
    <include refid="Base_Column_List" />
    from stu_exam_ques_result
    where stu_examId = #{stuExamId}
  </select>
  <delete id="deleteByPrimaryKey" parameterType="java.lang.Integer" >
    delete from stu_exam_ques_result
    where id = #{id,jdbcType=INTEGER}
  </delete>
  <delete id="deleteByEid">
  	 delete from stu_exam_ques_result
    where stu_examId = #{eid}
  </delete>
  <insert id="insert" parameterType="com.sk.entity.StuExamQuesResult" >
    insert into stu_exam_ques_result (id, stu_examId, exam_quesId, 
      resultId, version)
    values (#{id,jdbcType=INTEGER}, #{stuExamid,jdbcType=INTEGER}, #{examQuesid,jdbcType=INTEGER}, 
      #{resultid,jdbcType=INTEGER}, #{version,jdbcType=INTEGER})
  </insert>
  <insert id="insertSelective" parameterType="com.sk.entity.StuExamQuesResult" >
    insert into stu_exam_ques_result
    <trim prefix="(" suffix=")" suffixOverrides="," >
      <if test="id != null" >
        id,
      </if>
      <if test="stuExamid != null" >
        stu_examId,
      </if>
      <if test="examQuesid != null" >
        exam_quesId,
      </if>
      <if test="resultid != null" >
        resultId,
      </if>
      <if test="version != null" >
        version,
      </if>
    </trim>
    <trim prefix="values (" suffix=")" suffixOverrides="," >
      <if test="id != null" >
        #{id,jdbcType=INTEGER},
      </if>
      <if test="stuExamid != null" >
        #{stuExamid,jdbcType=INTEGER},
      </if>
      <if test="examQuesid != null" >
        #{examQuesid,jdbcType=INTEGER},
      </if>
      <if test="resultid != null" >
        #{resultid,jdbcType=INTEGER},
      </if>
      <if test="version != null" >
        #{version,jdbcType=INTEGER},
      </if>
    </trim>
  </insert>
  <update id="updateByPrimaryKeySelective" parameterType="com.sk.entity.StuExamQuesResult" >
    update stu_exam_ques_result
    <set >
      <if test="stuExamid != null" >
        stu_examId = #{stuExamid,jdbcType=INTEGER},
      </if>
      <if test="examQuesid != null" >
        exam_quesId = #{examQuesid,jdbcType=INTEGER},
      </if>
      <if test="resultid != null" >
        resultId = #{resultid,jdbcType=INTEGER},
      </if>
      <if test="version != null" >
        version = #{version,jdbcType=INTEGER},
      </if>
    </set>
    where id = #{id,jdbcType=INTEGER}
  </update>
  <update id="updateByPrimaryKey" parameterType="com.sk.entity.StuExamQuesResult" >
    update stu_exam_ques_result
    set stu_examId = #{stuExamid,jdbcType=INTEGER},
      exam_quesId = #{examQuesid,jdbcType=INTEGER},
      resultId = #{resultid,jdbcType=INTEGER},
      version = #{version,jdbcType=INTEGER}
    where id = #{id,jdbcType=INTEGER}
  </update>
</mapper>