<?xml version="1.0" encoding="UTF-8" ?>
<!DOCTYPE mapper PUBLIC "-//mybatis.org//DTD Mapper 3.0//EN" "http://mybatis.org/dtd/mybatis-3-mapper.dtd" >
<mapper namespace="com.sk.dao.StuExamMapper" >
  <resultMap id="BaseResultMap" type="com.sk.entity.StuExam" >
    <id column="id" property="id" jdbcType="INTEGER" />
    <result column="stuId" property="stuid" jdbcType="INTEGER" />
    <result column="examId" property="examid" jdbcType="INTEGER" />
    <result column="startTime" property="starttime" jdbcType="TIMESTAMP" />
    <result column="endTime" property="endtime" jdbcType="TIMESTAMP" />
    <result column="score" property="score" jdbcType="INTEGER" />
    <result column="version" property="version" jdbcType="INTEGER" />
  </resultMap>
  <sql id="Base_Column_List" >
    id, stuId, examId, startTime, endTime, score, version
  </sql>
  <select id="selectByPrimaryKey" resultMap="BaseResultMap" parameterType="java.lang.Integer" >
    select 
    <include refid="Base_Column_List" />
    from stu_exam
    where id = #{id,jdbcType=INTEGER}
  </select>
  <select id="selectBySidAndExamId" resultMap="BaseResultMap">
 	select 
    <include refid="Base_Column_List" />
    from stu_exam
    where stuId = #{sid,jdbcType=INTEGER} and examId=#{examId}
  </select>
  <select id="getStuExamByExamId" resultMap="BaseResultMap">
  	select
  	 <include refid="Base_Column_List" />
    from stu_exam
    where examId=#{eid} and score is not null
  </select>
  <select id="getStuExamHaveScore" resultMap="BaseResultMap">
	select 
	   <include refid="Base_Column_List" />
    from stu_exam
    where score is not null
  </select>
  <select id="getAllStuExams" resultMap="BaseResultMap">
 	select 
    <include refid="Base_Column_List" />
    from stu_exam
  </select>
  <select id="getStuExamsBySid" resultMap="BaseResultMap" parameterType="java.lang.Integer" >
    select 
    <include refid="Base_Column_List" />
    from stu_exam
    where stuId = #{sid} and endTime IS NOT null;
  </select>
  <delete id="deleteByPrimaryKey" parameterType="java.lang.Integer" >
    delete from stu_exam
    where id = #{id,jdbcType=INTEGER}
  </delete>
  <delete id="deleteByStuNo">
 	 delete from stu_exam
 	   where stuId = #{stuId}
  </delete>
  <insert id="insert" parameterType="com.sk.entity.StuExam"  useGeneratedKeys="true" keyProperty="id" keyColumn="id">
    insert into stu_exam (id, stuId, examId, 
      startTime, endTime, score, 
      version)
    values (#{id,jdbcType=INTEGER}, #{stuid,jdbcType=INTEGER}, #{examid,jdbcType=INTEGER}, 
      #{starttime,jdbcType=TIMESTAMP}, #{endtime,jdbcType=TIMESTAMP}, #{score,jdbcType=INTEGER}, 
      #{version,jdbcType=INTEGER})
  </insert>
  <insert id="insertSelective" parameterType="com.sk.entity.StuExam" >
    insert into stu_exam
    <trim prefix="(" suffix=")" suffixOverrides="," >
      <if test="id != null" >
        id,
      </if>
      <if test="stuid != null" >
        stuId,
      </if>
      <if test="examid != null" >
        examId,
      </if>
      <if test="starttime != null" >
        startTime,
      </if>
      <if test="endtime != null" >
        endTime,
      </if>
      <if test="score != null" >
        score,
      </if>
      <if test="version != null" >
        version,
      </if>
    </trim>
    <trim prefix="values (" suffix=")" suffixOverrides="," >
      <if test="id != null" >
        #{id,jdbcType=INTEGER},
      </if>
      <if test="stuid != null" >
        #{stuid,jdbcType=INTEGER},
      </if>
      <if test="examid != null" >
        #{examid,jdbcType=INTEGER},
      </if>
      <if test="starttime != null" >
        #{starttime,jdbcType=TIMESTAMP},
      </if>
      <if test="endtime != null" >
        #{endtime,jdbcType=TIMESTAMP},
      </if>
      <if test="score != null" >
        #{score,jdbcType=INTEGER},
      </if>
      <if test="version != null" >
        #{version,jdbcType=INTEGER},
      </if>
    </trim>
  </insert>
  <update id="updateByPrimaryKeySelective" parameterType="com.sk.entity.StuExam" >
    update stu_exam
    <set >
      <if test="stuid != null" >
        stuId = #{stuid,jdbcType=INTEGER},
      </if>
      <if test="examid != null" >
        examId = #{examid,jdbcType=INTEGER},
      </if>
      <if test="starttime != null" >
        startTime = #{starttime,jdbcType=TIMESTAMP},
      </if>
      <if test="endtime != null" >
        endTime = #{endtime,jdbcType=TIMESTAMP},
      </if>
      <if test="score != null" >
        score = #{score,jdbcType=INTEGER},
      </if>
      <if test="version != null" >
        version = #{version,jdbcType=INTEGER},
      </if>
    </set>
    where id = #{id,jdbcType=INTEGER}
  </update>
  <update id="updateByPrimaryKey" parameterType="com.sk.entity.StuExam" >
    update stu_exam
    set stuId = #{stuid,jdbcType=INTEGER},
      examId = #{examid,jdbcType=INTEGER},
      startTime = #{starttime,jdbcType=TIMESTAMP},
      endTime = #{endtime,jdbcType=TIMESTAMP},
      score = #{score,jdbcType=INTEGER},
      version = #{version,jdbcType=INTEGER}
    where id = #{id,jdbcType=INTEGER}
  </update>
  <update id="updateStatus" parameterType="com.sk.entity.StuExam">
  	update stu_exam
    set 
      endTime = #{endtime,jdbcType=TIMESTAMP},
      score = #{score,jdbcType=INTEGER},
      version = #{version,jdbcType=INTEGER} +1
    where id = #{id,jdbcType=INTEGER} and version=#{version}
  </update>
  <update id="updateStuExamScore" parameterType="com.sk.entity.StuExam"> 
  	update stu_exam
    set 
      score = #{score,jdbcType=INTEGER},
      version = #{version,jdbcType=INTEGER} +1
    where id = #{id,jdbcType=INTEGER} and version=#{version}
  </update>
</mapper>