<?xml version="1.0" encoding="UTF-8" ?>
<!DOCTYPE mapper PUBLIC "-//mybatis.org//DTD Mapper 3.0//EN" "http://mybatis.org/dtd/mybatis-3-mapper.dtd" >
<mapper namespace="com.sk.dao.SubjectMapper" >
  <resultMap id="BaseResultMap" type="com.sk.entity.Subject" >
    <id column="id" property="id" jdbcType="INTEGER" />
    <result column="subjectName" property="subjectname" jdbcType="VARCHAR" />
    <result column="content" property="content" jdbcType="VARCHAR" />
    <result column="version" property="version" jdbcType="INTEGER" />
  </resultMap>
  <sql id="Base_Column_List" >
    id, subjectName, content, version
  </sql>
  <select id="selectByName" resultMap="BaseResultMap">
	    select 
    <include refid="Base_Column_List" />
    from subject
    where subjectName = #{name}
</select>
  <select id="selectByPrimaryKey" resultMap="BaseResultMap" parameterType="java.lang.Integer" >
    select 
    <include refid="Base_Column_List" />
    from subject
    where id = #{id,jdbcType=INTEGER}
  </select>
    <select id="getAllSubjects" resultMap="BaseResultMap" >
    select 
    <include refid="Base_Column_List" />
    from subject
  </select>
  <delete id="deleteByPrimaryKey" parameterType="java.lang.Integer" >
    delete from subject
    where id = #{id,jdbcType=INTEGER}
  </delete>
  <insert id="insert" parameterType="com.sk.entity.Subject" >
    insert into subject (id, subjectName, content, 
      version)
    values (#{id,jdbcType=INTEGER}, #{subjectname,jdbcType=VARCHAR}, #{content,jdbcType=VARCHAR}, 
      #{version,jdbcType=INTEGER})
  </insert>
  <insert id="insertSelective" parameterType="com.sk.entity.Subject" >
    insert into subject
    <trim prefix="(" suffix=")" suffixOverrides="," >
      <if test="id != null" >
        id,
      </if>
      <if test="subjectname != null" >
        subjectName,
      </if>
      <if test="content != null" >
        content,
      </if>
      <if test="version != null" >
        version,
      </if>
    </trim>
    <trim prefix="values (" suffix=")" suffixOverrides="," >
      <if test="id != null" >
        #{id,jdbcType=INTEGER},
      </if>
      <if test="subjectname != null" >
        #{subjectname,jdbcType=VARCHAR},
      </if>
      <if test="content != null" >
        #{content,jdbcType=VARCHAR},
      </if>
      <if test="version != null" >
        #{version,jdbcType=INTEGER},
      </if>
    </trim>
  </insert>
  <update id="updateByPrimaryKeySelective" parameterType="com.sk.entity.Subject" >
    update subject
    <set >
      <if test="subjectname != null" >
        subjectName = #{subjectname,jdbcType=VARCHAR},
      </if>
      <if test="content != null" >
        content = #{content,jdbcType=VARCHAR},
      </if>
      <if test="version != null" >
        version = #{version,jdbcType=INTEGER} + 1,
      </if>
    </set>
    where id = #{id,jdbcType=INTEGER} and version = #{version} 
  </update>
  <update id="updateByPrimaryKey" parameterType="com.sk.entity.Subject" >
    update subject
    set subjectName = #{subjectname,jdbcType=VARCHAR},
      content = #{content,jdbcType=VARCHAR},
      version = #{version,jdbcType=INTEGER} + 1
    where id = #{id,jdbcType=INTEGER} and version = #{sersion}
  </update>
</mapper>