<?xml version="1.0" encoding="UTF-8" ?>
<!DOCTYPE mapper PUBLIC "-//mybatis.org//DTD Mapper 3.0//EN" "http://mybatis.org/dtd/mybatis-3-mapper.dtd" >
<mapper namespace="com.sk.dao.UserMapper" >
  <resultMap id="BaseResultMap" type="com.sk.entity.User" >
    <id column="id" property="id" jdbcType="INTEGER" />
    <result column="userName" property="username" jdbcType="VARCHAR" />
    <result column="passWord" property="password" jdbcType="VARCHAR" />
    <result column="statusId" property="statusid" jdbcType="INTEGER" />
    <result column="typeId" property="typeid" jdbcType="INTEGER" />
    <result column="version" property="version" jdbcType="INTEGER" />
  </resultMap>
  <sql id="Base_Column_List" >
    id, userName, passWord, statusId, typeId, version
  </sql>
  <select id="selectByPrimaryKey" resultMap="BaseResultMap" parameterType="java.lang.Integer" >
    select 
    <include refid="Base_Column_List" />
    from user
    where id = #{id,jdbcType=INTEGER}
  </select>
  <select id="selectByName" resultMap="BaseResultMap">
  	select 
    <include refid="Base_Column_List" />
    from user
    where userName = #{name}
  </select>
   <select id="findAllUsers" resultMap="BaseResultMap" >
    select 
    <include refid="Base_Column_List" />
    from user
  </select>
  
  <delete id="deleteByPrimaryKey" parameterType="java.lang.Integer" >
    delete from user
    where id = #{id,jdbcType=INTEGER}
  </delete>
  <insert id="insert" parameterType="com.sk.entity.User" >
    insert into user (id, userName, passWord, 
      statusId, typeId, version
      )
    values (#{id,jdbcType=INTEGER}, #{username,jdbcType=VARCHAR}, #{password,jdbcType=VARCHAR}, 
      #{statusid,jdbcType=INTEGER}, #{typeid,jdbcType=INTEGER}, #{version,jdbcType=INTEGER}
      )
  </insert>
  <insert id="insertSelective" parameterType="com.sk.entity.User" >
    insert into user
    <trim prefix="(" suffix=")" suffixOverrides="," >
      <if test="id != null" >
        id,
      </if>
      <if test="username != null" >
        userName,
      </if>
      <if test="password != null" >
        passWord,
      </if>
      <if test="statusid != null" >
        statusId,
      </if>
      <if test="typeid != null" >
        typeId,
      </if>
      <if test="version != null" >
        version,
      </if>
    </trim>
    <trim prefix="values (" suffix=")" suffixOverrides="," >
      <if test="id != null" >
        #{id,jdbcType=INTEGER},
      </if>
      <if test="username != null" >
        #{username,jdbcType=VARCHAR},
      </if>
      <if test="password != null" >
        #{password,jdbcType=VARCHAR},
      </if>
      <if test="statusid != null" >
        #{statusid,jdbcType=INTEGER},
      </if>
      <if test="typeid != null" >
        #{typeid,jdbcType=INTEGER},
      </if>
      <if test="version != null" >
        #{version,jdbcType=INTEGER},
      </if>
    </trim>
  </insert>
  <update id="updateByPrimaryKeySelective" parameterType="com.sk.entity.User" >
    update user
    <set >
      <if test="username != null" >
        userName = #{username,jdbcType=VARCHAR},
      </if>
      <if test="password != null" >
        passWord = #{password,jdbcType=VARCHAR},
      </if>
      <if test="statusid != null" >
        statusId = #{statusid,jdbcType=INTEGER},
      </if>
      <if test="typeid != null" >
        typeId = #{typeid,jdbcType=INTEGER},
      </if>
      <if test="version != null" >
        version = #{version,jdbcType=INTEGER} + 1
      </if>
    </set>
    where id = #{id,jdbcType=INTEGER} and version = #{version}
  </update>
  <update id="updateByPrimaryKey">
    update user
    set userName = #{username,jdbcType=VARCHAR},
      passWord = #{password,jdbcType=VARCHAR},
      statusId = #{statusid,jdbcType=INTEGER},
      typeId = #{typeid,jdbcType=INTEGER},
      version = #{version,jdbcType=INTEGER}+1
      where id = #{id,jdbcType=INTEGER} and version = #{version}
  </update>
  <update id="updateUserPWD">
   update user
    set
      passWord = #{nPwd}
      where userName = #{user.username} and passWord = #{user.password}
  </update>
  <select id="login"  resultMap="BaseResultMap" parameterType="com.sk.entity.User">
  	select 
    <include refid="Base_Column_List" />
    from user u
    where username = #{username} and passWord = #{password}
  </select>
  
</mapper>