<?xml version="1.0" encoding="UTF-8"?>
<!DOCTYPE generatorConfiguration
  PUBLIC "-//mybatis.org//DTD MyBatis Generator Configuration 1.0//EN"
  "http://mybatis.org/dtd/mybatis-generator-config_1_0.dtd">

<generatorConfiguration>
	<!-- 驱动包位置 -->
	<classPathEntry location="F:/a/mysql-connector-java-5.1.32.jar"/>
	<context id="caigouTables" targetRuntime="MyBatis3">
		<commentGenerator>
			<!-- 是否去除自动生成的注释 true：是 ： false:否 -->
			<property name="suppressAllComments" value="true" />
		</commentGenerator>
		<!--数据库连接的信息：驱动类、连接地址、用户名、密码 -->
		<jdbcConnection driverClass="com.mysql.jdbc.Driver"
			connectionURL="jdbc:mysql://localhost:3306/test" userId="root"
			password="mysql">
		</jdbcConnection>
		<!-- <jdbcConnection 
			driverClass="oracle.jdbc.OracleDriver"
			connectionURL="jdbc:oracle:thin:@192.168.44.128:1521:orcl" 
			userId="scott"
			password="orcl">
		</jdbcConnection> -->

		<!-- 默认false，把JDBC DECIMAL 和 NUMERIC 类型解析为 Integer true，把JDBC DECIMAL 和 
			NUMERIC 类型解析为java.math.BigDecimal -->
		<javaTypeResolver>
			<property name="forceBigDecimals" value="false" />
		</javaTypeResolver>

		<!-- targetProject:生成PO类的位置 -->
		<javaModelGenerator targetPackage="com.sk.entity"
			targetProject="F:\a">
			<!-- enableSubPackages:是否让schema作为包的后缀 -->
			<property name="enableSubPackages" value="false" />
			<!-- 从数据库返回的值被清理前后的空格 -->
			<property name="trimStrings" value="true" />
		</javaModelGenerator>
        <!-- targetPackage:mapper映射文件生成的位置 -->
		<sqlMapGenerator targetPackage="com.sk.mapping" 
			targetProject="F:\a">
			<property name="enableSubPackages" value="false" />
		</sqlMapGenerator>
		<!-- targetPackage：mapper接口的生成位置 -->
		<javaClientGenerator type="XMLMAPPER"
			targetPackage="com.sk.dao" 
			targetProject="F:\a">
			<property name="enableSubPackages" value="false" />
		</javaClientGenerator>
		
		<!-- 指定表  emp
		这里不指定schema，逆向工程会查询sysuser都有哪些schema，对每个schema生成对象
		<table schema="scott" tableName="emp">
			<columnOverride column=""></columnOverride>
		</table>
		<table schema="scott" tableName="dept"/> -->
		<!-- Mysql -->
		<table tableName="user"/>
	</context>
</generatorConfiguration>
